{
    "horse_n_races": 1.0,
    "horse_n_spec_races": 0.0,
    "horse_top1": 0.0,
    "horse_top3": 0.0,
    "horse_top3_spec": 0.0,
    "horse_top5": 0.0,
    "horse_beta=0.3": 50.0,
    "horse_beta=0.5": 50.0,
    "horse_beta=1.": 50.0,
    "horse_beta=0.3_top1": 0.0,
    "horse_beta=0.3_top3": 0.20745230309152443,
    "horse_beta=0.2_top5": 0.3456415992755815,
    "horse_beta=0.3_top5": 0.3456415992755815,
    "horse_beta=0.3_speed": 1.0,
    "horse_beta=0.5_speed": 1.0,
    "jockey_n_races": 1.0,
    "jockey_n_spec_races": 0.0,
    "jockey_top1": 0.0,
    "jockey_top3": 0.0,
    "jockey_top3_spec": 0.0,
    "jockey_top5": 0.0,
    "jockey_beta=0.07": 50.0,
    "jockey_beta=0.1": 50.0,
    "jockey_beta=0.2": 50.0,
    "jockey_beta=0.07_top3": 0.20745230309152443,
    "jockey_beta=0.1_top3": 0.20745230309152443,
    "jockey_beta=0.2_top5": 0.3,
    "jockey_beta=0.1_top5": 0.3,
    "jockey_beta=0.3_speed": 1.0,
    "jockey_beta=0.1_speed": 1.0,
    "owner_n_races": 1.0,
    "owner_top1": 0.0,
    "owner_top3": 0.0,
    "owner_top5": 0.0,
    "coach_n_races": 1.0,
    "coach_top1": 0.0,
    "coach_top3": 0.0,
    "coach_top5": 0.0,
    "Barei": 3.660737012116128,
    "BaTaijyu": 470.556135775202,
    "SexCD_1": 0.0,
    "SexCD_2": 0.0,
    "SexCD_3": 0.0,
    "HinsyuCD_1": 1.0,
    "HinsyuCD_2": 0.0,
    "TozaiCD_3": 0.0,
    "TrackCD_Dirt": 0.0,
    "TrackCD_Turf": 0.0,
    "horse_top3_rate": 0.23637562232356735,
    "owner_top3_rate": 0.21116050118251853,
    "jockey_top5_rate": 0.3432147889894056
}