{
    "log": 0.46525040853599925,
    "forest": 0.43996923964241086,
    "ada": 0.4562145534941844,
    "gb": 0.4714024800538306,
    "dnn": 0.47361338075555126
}