{
    "tree": {
        "tree": 0.44660194174757284,
        "linear": 0.4580409497260406
    },
    "log": {
        "tree": 0.4496779775064885,
        "linear": 0.46544266077093144
    },
    "RFE": {
        "tree": 0.4562145534941844,
        "linear": 0.46601941747572817
    }
}