{
    "log": 0.4771737071415041,
    "xgb": 0.48929721538170107,
    "dnn": 0.4839931805266149,
    "ensemble": 0.4917598029929911
}